full_name,email,birth_date,score,country_code,preferred_language,books_read
Dr. Darrell Russo,vchambers@example.com,1974-08-31,81,SG,es,1
Kenneth Becker,lisawoods@example.net,1994-05-12,29,JP,ru,3
Leslie Jackson,lindadoyle@example.org,1977-11-08,44,QA,ko,10
Melinda Rodriguez,angela51@example.com,1945-03-03,17,DK,ar,3
Pamela Brown,coryporter@example.org,1944-10-01,18,RU,vi,6
Aaron Sullivan,richardkelly@example.net,1935-11-25,52,TW,vi,3
Carrie Henry,jedwards@example.org,1943-11-06,4,US,ko,0
Valerie Francis,reginadavis@example.com,1972-04-24,87,IN,sw,12
Gabriela Lara,xvang@example.org,1939-06-08,0,AE,sw,0
Russell Sawyer,hjackson@example.net,1944-01-23,83,US,vi,8
John Walker,oserrano@example.com,1971-05-05,31,CN,zh,3
Sandra Harris,merrittmichael@example.com,1991-12-09,64,BR,uk,11
Luke Moore,donaldkelley@example.com,1963-07-18,80,BR,ko,11
Sean Bell,zstewart@example.net,1956-07-06,80,BR,en,8
Rebecca Reese,qfigueroa@example.com,1988-05-28,0,ES,pt,11
Stacey Mcconnell,pwatts@example.net,1952-07-29,17,AE,ru,5
Debra Jackson,barneschristopher@example.net,1965-11-25,26,SG,ja,6
Madeline Parrish,danielball@example.com,1972-03-28,8,PL,uk,3
Johnny Wright,richardwatkins@example.org,1993-05-24,8,AU,ru,1
Robert Curry,devinchambers@example.net,1987-11-01,82,AU,en,5
Kelly Kelly,otaylor@example.net,1966-03-10,6,PK,da,6
Karen Davis,stephanie57@example.net,1984-12-25,81,KR,ko,8
Jonathan Lowery,idaniel@example.com,1935-03-08,7,JP,ar,10
James Gonzalez,larryjackson@example.com,1969-05-07,37,PK,en,3
Daniel Greer,rali@example.com,1988-08-23,65,DK,it,6
Amber Myers,kgibson@example.org,1939-10-24,9,KR,ja,12
Lori Brown,jonathanstephenson@example.org,1979-11-13,71,GB,it,9
Tony Walker,seanmiller@example.net,1976-01-20,52,AU,fr,2
Jorge Avila,cstevens@example.org,1969-06-19,24,QA,en,12
Phillip Lucas,zlawrence@example.net,1961-02-19,32,DK,es,0
Maureen Cowan,khester@example.net,1948-09-12,90,CN,hi,11
Krystal Chavez,ckrueger@example.org,2005-02-16,33,MX,ru,3
Mario Singleton,joypeterson@example.net,1971-09-14,44,IN,ja,0
Lauren Fleming,hollandtravis@example.org,1974-02-23,22,BR,zh,0
Robin Roberts,rhonda31@example.org,1962-09-13,26,CA,ko,11
Terri Jackson,fcollins@example.net,1995-10-30,57,SG,fr,3
Amy Mcgee,denise08@example.org,1999-09-18,91,CN,uk,12
Kevin Alexander Jr.,amycook@example.net,1940-12-05,61,AU,ko,8
Michael Meadows,john31@example.com,1995-05-14,76,PK,vi,12
John Gardner,vanessa96@example.net,1971-09-04,32,US,ja,5
Annette Newman,sandovalderek@example.net,1980-04-04,82,IT,da,10
Pamela Spencer,amandafowler@example.com,1994-04-07,54,BR,en,5
Dr. Karen Barnes,andrew12@example.org,1934-10-16,52,IN,hi,9
Dr. Elaine Smith,thomas57@example.org,1976-06-06,67,KR,da,10
Daniel Harrison,hintonrichard@example.net,1992-07-05,76,JP,he,1
Barbara Richards,vsmith@example.net,1947-01-26,26,PK,ar,3
Danielle Smith,ryantammy@example.org,1944-09-26,45,AE,ru,2
Wendy Walker,ofoley@example.net,1935-11-08,51,TW,en,10
Trevor Lopez,aboyle@example.com,1947-08-23,66,IT,ko,2
Todd Burke,justinsmith@example.com,1991-05-16,65,AE,it,0
Michelle Allen,kgomez@example.com,2000-06-07,68,US,pt,7
Aimee Hart,ledwards@example.net,1962-01-27,73,AE,de,8
Chelsea Dorsey,anitasmith@example.org,1939-07-20,43,PL,ru,0
Kristine Harrison,kevinwright@example.net,1946-03-15,30,QA,he,2
Kathy Mitchell,hoganjennifer@example.org,1965-09-17,91,AU,sw,12
David Howard,brewerscott@example.com,1991-10-02,9,FR,pt,8
Andrew Ford DVM,leslieshields@example.net,1984-08-16,22,FR,ko,8
Melissa Washington,monroediana@example.net,1994-02-23,13,ES,ru,0
Mary Russo,wendy78@example.org,1939-08-28,66,DE,zh,0
Laura Bailey,suzanne58@example.org,1957-10-06,66,KR,sw,11
Katie Brock,robinsonanna@example.com,1949-04-26,78,TW,ja,4
William Aguilar,tracy68@example.net,1956-03-06,93,US,ko,1
Robin Young,taylormichael@example.com,1937-09-18,45,CN,ko,8
Robin Ramos,amandaross@example.net,1948-10-12,57,AU,sw,4
Cynthia Barrett,mnguyen@example.org,1958-08-12,17,MX,es,10
Rebecca Williams,kmccullough@example.net,1987-09-01,77,AE,he,11
Amy Pena,christina38@example.net,1952-05-30,25,BR,de,7
Destiny Lopez MD,prhodes@example.net,1991-04-08,2,QA,ar,10
Andrew Wood,william39@example.com,1988-06-29,5,KR,pt,0
Christopher Snyder,wdixon@example.net,2003-02-02,1,BR,sw,11
Christopher Rodriguez,zwatson@example.com,2004-06-24,99,AU,ru,2
Victoria King,sallyyoung@example.net,1984-09-07,7,DE,uk,2
Thomas Caldwell,connor44@example.org,1937-10-22,27,PL,ja,11
Angelica Massey,blackjennifer@example.org,1988-03-23,58,CA,uk,9
Christopher Campbell,kirstengarcia@example.net,1937-05-19,11,DE,it,2
Kayla Shea,charlesolson@example.com,1989-08-11,78,PK,es,4
Linda Taylor,wagnerjade@example.org,1997-03-25,74,DK,ru,1
Elizabeth Austin MD,pgreer@example.net,1976-11-03,15,PK,ko,6
Alicia Carter,james39@example.org,1957-03-26,84,AU,fr,2
Lisa Evans,cnichols@example.net,1941-01-15,91,CN,ko,1
Cindy Pratt,trowe@example.com,1973-03-16,52,CN,he,6
Angela Richardson,megan90@example.org,1948-12-08,2,GB,en,12
Christopher Bullock,ygardner@example.net,1980-09-08,14,BR,vi,11
Casey Bowen,ntaylor@example.com,1961-05-13,69,IT,en,10
James Todd,brandyhines@example.net,1973-04-03,70,MX,ja,4
Michelle Ayers,andrea72@example.net,1993-01-11,68,CA,vi,8
Michelle Hale,greenescott@example.net,1969-08-11,69,MX,en,10
Matthew Wood,johndudley@example.com,1955-01-11,6,CN,he,5
Christopher Lewis,sharproger@example.com,1940-11-06,72,CA,zh,8
Michelle Wallace,jwade@example.org,1947-12-03,49,CN,pt,7
John Gregory,danielrodriguez@example.org,1950-12-27,42,BR,ko,4
Eduardo Monroe,billyanderson@example.org,1937-10-21,54,MX,ja,7
Amanda Porter,cstevens@example.org,1999-06-03,48,SG,it,8
Loretta Mcbride,laurenperez@example.org,1968-05-29,100,BR,he,3
Shawn Watson,grahamdestiny@example.com,1972-06-25,86,DE,es,0
Peggy Lee,victoria21@example.com,1964-12-01,43,US,es,11
Charles Crawford,davenportsamantha@example.com,1980-07-24,75,DE,vi,8
Brian Perkins,dlee@example.net,1995-02-03,100,DK,sw,0
Lindsey Trevino,arthurstokes@example.com,1954-05-22,97,QA,vi,9
Corey Landry,mirandalogan@example.net,1971-03-31,37,DK,de,8
Sharon Hall,praymond@example.org,2006-06-17,8,FR,de,3
Kevin Mann,valeriehart@example.com,1962-09-25,32,RU,it,1
Monique Reyes,emmapierce@example.org,2001-02-21,99,ES,pt,11
Keith Barnes,vramirez@example.net,1987-07-03,54,GB,ja,10
Thomas Mccoy,collinsjames@example.net,1947-10-23,8,CA,ja,2
Valerie Abbott,awillis@example.com,1982-07-06,49,JP,pt,3
Mrs. Stefanie Morris,yholmes@example.net,1968-08-16,94,PK,de,2
Daniel Mays,stacyjackson@example.com,1976-11-14,53,SG,it,1
Ryan Hayes,woodsyvonne@example.net,1969-02-01,45,ES,it,8
Julie Wright,xsutton@example.org,1993-08-09,17,FR,hi,1
Nancy Carter,swilliams@example.com,1962-02-19,71,IN,sw,0
Stephanie Wood,angelajohnson@example.org,1946-03-12,41,AE,fr,0
Laura Sampson,nschmidt@example.net,1971-03-06,66,GB,en,9
Rita Stephens,fsantos@example.org,1967-02-14,46,KR,uk,12
Jessica Martin,felicia36@example.org,1951-12-17,28,DK,es,2
Valerie Bell,ryanpaul@example.net,1985-12-27,27,GB,ar,10
Brian Smith,fullerscott@example.net,1950-07-05,79,AU,vi,1
Shaun Horne,turnerjoseph@example.com,1955-07-02,22,DK,it,3
Glenn Ross,davidcook@example.com,1975-10-01,37,SG,sw,0
John Lawson,robertsharold@example.org,1973-07-23,30,JP,zh,12
Melissa Gill,dakotaavery@example.com,1944-01-25,42,DE,hi,7
Todd Adams,dbruce@example.org,1989-05-30,84,PL,da,3
Melissa Perry,amywalter@example.net,1954-09-30,5,CA,da,5
Alicia Moore,donald05@example.org,1969-10-02,27,JP,pt,6
Michael Webb,ojohnson@example.com,2000-05-04,35,MX,hi,6
Elizabeth Blake MD,gstewart@example.com,1946-06-06,82,GB,ja,8
Natalie Huang MD,qgraves@example.com,1937-11-16,83,IT,de,5
Jacqueline Thornton,hrollins@example.org,1934-09-25,69,MX,hi,11
Patrick Daugherty,austin09@example.org,1951-04-30,18,IT,ko,7
Stephanie Jordan,john22@example.net,1978-10-18,95,BR,hi,0
James Williamson,sara99@example.org,1968-11-22,28,CA,hi,3
Michael Owens,kaylastewart@example.org,1936-11-06,53,CN,es,6
Victoria Solis,seanbutler@example.org,1960-04-29,22,US,pt,8
Karen Taylor,mortonscott@example.org,1995-02-21,42,MX,ja,7
Justin Miller,allison55@example.net,1994-10-20,46,KR,fr,5
Paula Garrett,tracy59@example.org,1981-03-05,95,KR,he,3
Amy Walton,pmartin@example.org,1986-05-20,94,FR,uk,11
Jack Anderson,smithbrittany@example.net,1951-07-03,8,TW,fr,8
Richard Snyder,jonesjohn@example.com,1954-10-16,75,CN,en,7
Brenda Smith,qking@example.net,1996-08-22,80,DE,de,8
Michael Gonzales,hernandezjuan@example.org,1992-11-15,22,JP,fr,7
Laura Lester DDS,alicia39@example.net,1973-11-26,63,IT,de,12
Mary Carroll,danielleeaton@example.com,1936-04-25,63,PL,pt,0
Mark Ballard,vjones@example.com,1990-03-03,79,GB,vi,3
Melissa Cunningham,hrichards@example.net,1947-12-12,82,CA,ja,1
Robert Curtis,kmerritt@example.com,1964-04-04,26,QA,ja,1
Richard Mclaughlin,brownemily@example.com,1972-03-08,78,SG,ar,2
Michael Brock,thomas44@example.com,2006-01-22,18,DE,de,0
Mrs. Amy Davis,mjones@example.net,1945-02-23,73,RU,ja,5
Kelly Howard,ihenderson@example.com,1959-12-13,94,US,ru,2
Alyssa Jones,simonronnie@example.com,1989-10-06,41,CN,uk,10
Jacqueline Simon,colleen35@example.com,1959-10-06,81,TW,en,4
Terry White,debrareed@example.org,1987-11-22,57,JP,it,5
Jennifer Hendrix,melanie61@example.org,1991-10-01,60,DE,ja,5
Randy Nelson,robin02@example.com,1955-02-03,77,KR,ko,8
Brandy Brown,javier79@example.com,1944-08-03,89,MX,hi,2
Nancy Wilson,taylorrobles@example.com,1944-07-17,97,SG,vi,8
Rachel Marks,michelle63@example.org,1951-09-24,43,RU,fr,1
Jeremy King,fowlersteven@example.net,1986-11-13,79,ES,en,1
Jennifer Arnold,kristen44@example.com,1985-08-01,45,US,uk,5
Lori Marshall,candaceespinoza@example.com,1938-10-22,46,GB,sw,9
Carla Chavez,judy47@example.com,1984-07-15,21,PL,en,7
Tyler Carter,chad79@example.net,1934-11-22,64,PK,en,0
Marie Barnes,erinduran@example.net,2000-07-08,3,AE,ar,12
Kim Carter,jlambert@example.net,1953-10-27,96,QA,fr,7
Sandra White,wreed@example.com,1939-07-19,5,CA,ar,8
Jacob Lopez,andersonwayne@example.org,1980-10-16,95,JP,it,10
Dana Howard,william05@example.com,1935-01-23,62,DE,sw,10
Chad Noble,deleonjames@example.com,1962-12-14,82,RU,ja,8
Samantha Rodriguez,tylerramos@example.net,1974-07-27,95,IN,fr,6
Jeffrey Anderson,steven98@example.net,1934-05-23,2,ES,da,5
Ashley Johnson,nlopez@example.com,1981-09-06,2,BR,pt,1
Billy Pearson,angela45@example.com,1956-05-19,0,IT,en,9
Nicholas Peters,christopher70@example.net,1934-04-06,42,PL,vi,2
Carolyn Hernandez,wilsonelizabeth@example.net,1966-11-13,90,IN,pt,11
Susan Estrada,whitemaurice@example.org,1977-07-08,16,DK,en,1
Ricky Coffey,cmoore@example.com,1998-11-01,42,FR,ru,5
Emma Harrison,gordon77@example.com,1934-04-11,66,DK,en,7
Rebekah Miller,andrewzimmerman@example.org,1970-11-13,65,PK,de,8
Thomas Garcia,zreese@example.net,1937-01-27,56,ES,pt,0
Matthew Gardner,goodwinlori@example.org,1976-05-11,23,CN,sw,10
Jennifer Miller,danielstracy@example.org,1971-06-30,27,ES,ko,8
Bradley Kelly,tiffany76@example.com,1961-04-02,30,AE,fr,4
Leslie Peters,garciaveronica@example.net,1949-09-23,44,RU,it,10
Jennifer Monroe,vrogers@example.org,2000-08-21,31,FR,ru,9
Sandra Reed,snguyen@example.net,1974-05-22,91,PK,zh,6
William Lara,irwincourtney@example.org,1974-01-20,83,ES,it,11
Ryan Gray,katelyn85@example.org,1954-04-27,9,QA,da,10
Sheila Harrington,kristina04@example.org,1935-06-20,63,ES,ru,10
Matthew Waller,crystalnunez@example.org,2001-02-09,76,ES,he,6
Patricia Ford,melissahoffman@example.org,1934-05-02,26,GB,ja,10
Diana Barker,douglasthornton@example.net,1970-11-07,19,DE,ko,11
Kristine Lawson,gomezsamantha@example.org,1935-08-10,99,PL,uk,9
Darryl Flowers,brad54@example.com,1965-08-02,24,KR,da,11
Destiny Kennedy,kenneth46@example.com,1972-02-14,26,GB,vi,7
Dawn Randall,laurie65@example.com,1964-10-01,25,GB,zh,6
Courtney King,millsfrederick@example.com,1974-08-12,81,DK,da,2
Arthur Mason,joshua29@example.com,1989-08-21,17,CA,it,9
Kathleen Massey,crawfordsean@example.net,1981-08-28,50,PL,vi,8
Dakota Woodard,nicole04@example.net,1938-07-27,46,IN,it,3
Jeffery Vaughn,alan22@example.org,1959-02-01,31,FR,vi,3
Melissa Adams,colemanemma@example.net,1947-12-27,7,IT,ar,1
Alexis Smith,mgraves@example.net,1965-11-13,99,DK,it,6
Jennifer Collier,lpaul@example.net,1968-12-22,46,IT,vi,9
Jessica Potter,elizabeth72@example.com,1936-02-23,80,IT,it,0
Andrew Sanchez,sarah59@example.com,1941-08-26,52,US,da,4
Alyssa Price,brockdebbie@example.net,1999-03-28,56,RU,ar,7
Edwin Harris,uhanson@example.net,1995-02-27,56,QA,ru,9
Andrew Valentine,thomasreyes@example.net,1951-06-01,65,GB,hi,4
Grace Porter,psmith@example.net,1947-06-24,0,CN,ko,12
Matthew Goodwin,vancesteven@example.org,1935-09-18,93,CN,es,3
Sharon Fox,robert18@example.com,1991-11-18,75,QA,sw,7
Shannon Hernandez,lisa73@example.org,1967-11-04,30,AE,pt,7
John Collins,rlane@example.org,1962-02-22,23,TW,hi,12
Mr. Jacob Thompson,nglass@example.com,1934-08-25,32,RU,en,1
Amanda Burke,ashley58@example.net,1987-07-25,15,FR,it,2
Teresa Phillips,cduncan@example.com,1989-02-03,2,SG,ja,3
Kenneth Price,prattalan@example.com,1939-11-07,4,US,uk,5
Renee Adams,alexandra59@example.net,1960-11-30,40,CN,hi,12
Victoria Bryant,mario54@example.org,1996-05-14,67,PL,da,3
Regina Cox,foleycindy@example.com,1948-07-04,1,GB,zh,7
Heather Jordan,orobinson@example.org,2000-09-22,94,QA,pt,1
Lauren Flowers,stephanie51@example.net,1987-06-02,33,US,vi,5
Stephen Robinson,johnsonsophia@example.com,1936-06-06,66,CN,ko,3
Duane Beck,wendychandler@example.net,1935-03-13,85,US,da,8
Scott Reid,kathyhowe@example.net,1978-12-14,96,US,ja,4
Caitlin Waller,william42@example.com,1991-01-21,42,IT,da,6
Brittany Thomas,qadams@example.com,1938-07-25,70,RU,it,8
Ruth Martin,tracythompson@example.net,1990-07-19,60,ES,fr,1
Kelsey Ray,hannah18@example.com,2000-06-01,24,SG,de,12
Robert Pugh,vsimmons@example.org,1940-05-09,14,AE,vi,0
Kyle Robles,annamontes@example.net,1993-01-26,89,PK,pt,7
Heidi Blackwell,willistroy@example.org,1942-02-22,74,IT,hi,12
Samuel Phillips,gabriella42@example.com,1970-04-18,45,FR,es,0
Mitchell White,sherishea@example.net,1986-08-20,73,BR,zh,0
Renee Sandoval,wkelley@example.com,1949-10-17,27,AU,vi,11
Devon Pearson,daniel06@example.com,1944-03-11,68,JP,sw,1
Charles Payne,daviskaren@example.net,1985-11-28,24,RU,en,6
Mary Bennett,ksuarez@example.net,1980-01-08,69,AE,hi,11
Michael Anderson,samantha82@example.net,1966-07-10,39,CN,ar,1
Theresa Martin,teresaortiz@example.com,1971-05-01,23,DE,ko,7
Travis Ramirez,gregorymary@example.com,1978-06-11,84,PL,en,6
Pamela Miller,cindy44@example.com,1962-03-08,14,RU,ar,8
Jonathan Jones,eddie01@example.com,1951-01-08,23,US,it,9
Stephanie Dunn,stevenscott@example.net,1984-06-28,88,GB,da,12
Robert Williams,anna91@example.com,1951-04-15,2,US,sw,5
Cynthia Ray,johnhunt@example.com,1987-05-16,31,ES,ar,8
Katie Velazquez,evanselizabeth@example.com,1957-10-17,93,TW,ko,9
Lisa Lee,dcollins@example.net,1943-03-11,47,US,en,4
Christopher Potter,kelly64@example.org,1945-10-14,16,GB,da,4
Jason Burns,ortegacarl@example.com,1938-12-12,76,ES,en,11
Sara Robertson,jimmyward@example.org,1982-05-02,54,US,ru,4
Amy Crawford,tjones@example.net,1951-11-13,44,DK,he,5
Gary Park,garciajames@example.net,1968-08-14,96,DE,en,4
James Aguilar,larsenashley@example.org,1996-09-03,19,BR,pt,7
Barbara Alexander,qvazquez@example.com,1954-06-02,66,IN,vi,10
Nathaniel Khan,anthony64@example.com,1961-08-26,54,US,pt,8
Victoria Holland,michael50@example.org,1979-11-24,14,PK,ja,2
Betty Davidson,victoria06@example.org,1969-11-30,44,GB,sw,5
Andrea Landry PhD,troymorgan@example.net,1991-04-27,99,JP,pt,12
Rebecca Stewart,greencheryl@example.com,1942-08-05,76,PK,es,1
Lisa Miller,martinmurphy@example.org,1934-08-12,20,SG,sw,6
Gary Shepherd,millerhannah@example.com,1967-12-30,95,ES,zh,9
Christina Archer,williamsray@example.net,1984-07-03,16,PL,en,0
Kristine Harmon,jwilliams@example.org,1979-05-14,56,PK,pt,6
Justin Brown,khanjohn@example.org,1967-10-01,65,PL,sw,8
Samuel Williams,jennifer73@example.org,1972-02-16,67,AE,de,2
Ryan Rowe,loribryan@example.com,1973-11-07,76,QA,uk,11
Jodi Martinez,lindaholt@example.net,1951-12-10,73,TW,da,10
Mrs. Wendy Espinoza,cmaldonado@example.com,1933-11-27,7,IN,sw,8
Gerald Martinez,annaalexander@example.net,1952-11-19,85,KR,en,3
Daniel Howard,carriemoon@example.org,1952-09-17,49,BR,pt,0
Alyssa Martin,eddie12@example.org,1941-12-31,48,QA,vi,9
Todd Osborne,alexandermarsh@example.net,1950-12-18,4,AE,vi,12
James Hicks,rogerstimothy@example.com,1974-12-04,19,KR,zh,7
Daniel Douglas,sjohnson@example.com,1969-02-27,32,PK,es,8
Alexander Douglas,stonewilliam@example.net,2000-01-29,20,IN,ko,2
Michael Mitchell,tgreen@example.net,1999-10-02,68,JP,da,12
Juan Osborn,jessemcknight@example.net,1998-10-31,89,MX,pt,3
Dylan Harvey,tammy65@example.net,1949-02-11,100,RU,es,5
James Freeman,higginschristopher@example.org,1943-12-08,18,ES,vi,2
Steven Hahn,richard73@example.org,1949-10-17,39,BR,de,8
Travis Williams,russellandre@example.org,1965-02-07,42,TW,es,11
David James,hmccormick@example.net,1963-12-01,46,AU,en,1
Michael Marks,mayomatthew@example.net,1956-09-17,61,PL,da,11
Denise Nelson,tonya27@example.net,1962-04-02,5,ES,da,3
Mr. Eric Johnson MD,victoria87@example.com,1990-04-19,99,IN,he,6
Jennifer Dillon,cjones@example.com,1947-01-26,48,DK,es,11
Wesley Bullock,morganwagner@example.org,1992-05-20,65,SG,de,1
Kevin Simpson,vwest@example.net,1967-11-05,3,JP,ja,3
Amanda Diaz,ijones@example.net,1948-09-02,33,DK,pt,10
Nicholas Patterson,megancallahan@example.net,1983-09-20,100,KR,uk,11
Gregory Peterson,raven57@example.org,1949-08-10,86,IT,ja,5
Stephanie Mendoza,mirandajoseph@example.com,1957-10-30,57,RU,ko,5
Angela Williams,ecruz@example.org,1956-01-02,59,AE,uk,7
Emily Hale,jessicahensley@example.net,1983-10-30,18,IT,it,9
Jared Watson,angelwright@example.com,1968-12-12,84,ES,ko,3
Kenneth Mason,ebell@example.net,1937-04-01,59,SG,ar,10
Kathleen Wilson,haley89@example.com,1935-04-27,81,IT,pt,10
Rachel Russell,franklinmichael@example.net,1979-08-12,20,DE,fr,5
Rachel Rodriguez,karen17@example.com,1974-10-26,4,US,ru,11
Caroline Stanley,sarah21@example.com,1977-05-09,12,IN,uk,6
Aaron Black,stevensmarcus@example.org,1967-08-08,0,RU,ar,7
Andrew Reyes,kstanley@example.net,1950-09-28,75,TW,es,1
Tyler Myers,krystalprice@example.net,1956-12-01,10,CA,ru,6
Michael Murphy,richardsonwendy@example.net,1958-06-13,94,MX,hi,2
Curtis Stanton,albert00@example.net,1980-09-26,10,CN,vi,7
Cindy Cummings,jessica68@example.net,1965-06-08,50,ES,de,1
Jeffrey Clayton,anthonyjohnson@example.org,1954-12-12,42,PK,pt,3
John Lambert,myersjennifer@example.net,1977-10-20,69,IT,ru,4
Rachael Jones,sara39@example.com,1986-06-10,16,RU,uk,0
Jeffery Morales,villarrealashley@example.org,2005-05-16,66,FR,he,0
Alejandro Johnson,dking@example.org,1991-12-07,92,DE,ja,7
Dylan Johnson,dakota46@example.org,1951-08-14,11,PL,fr,8
Sherry Henry,ortiznatasha@example.net,1943-12-02,16,KR,da,4
Amy Doyle,tinaschultz@example.com,2005-10-30,61,CA,da,12
Joshua Ware,dgarcia@example.com,2005-07-01,41,PL,ja,12
Joyce Phillips,martinkathy@example.com,1952-09-01,43,ES,da,9
Nicole Martin,wknight@example.org,1965-07-11,6,CA,uk,9
Robert Benson,alexoliver@example.org,1994-11-28,68,SG,ar,1
Kimberly Snyder,terrencerivera@example.org,1962-01-07,13,BR,vi,4
Valerie Pace DVM,omartinez@example.org,1986-04-06,28,ES,hi,1
Katrina Gilmore,juanschmidt@example.com,1989-04-07,4,PL,ko,1
Bethany Koch,adammartinez@example.com,1945-07-01,49,RU,pt,1
John Castro,brian58@example.org,1977-07-09,78,DK,vi,7
Natalie Edwards,jasminerodriguez@example.net,2003-09-24,44,US,es,4
Victor Thompson,jeansimon@example.net,1974-12-27,86,JP,es,9
Rachael Livingston,johnsonconnor@example.net,1963-09-07,86,DK,sw,11
Rodney Williams,andrewramirez@example.net,1983-07-17,77,AE,es,9
William Brown,franciscoweaver@example.com,1980-06-13,72,JP,he,8
Sean Porter,donnaguerra@example.com,1959-06-27,25,PK,ru,10
Brittany Reynolds,svargas@example.net,1959-12-16,11,FR,it,6
Lawrence Orozco,riveradanielle@example.org,1953-06-30,27,ES,hi,12
Jason Chan,charles92@example.net,1971-10-25,67,KR,fr,7
Brittany Fischer,johnmitchell@example.com,1993-05-28,26,GB,ko,8
Amanda Hughes,brian51@example.net,1981-09-20,97,TW,zh,11
Christopher Shannon,xavierrichards@example.com,1994-09-19,29,DK,he,9
Jay Lee,phopkins@example.net,1969-06-02,75,ES,vi,9
Melissa Kemp,ashleyburch@example.org,1994-12-15,72,AU,en,4
Kathryn Robinson,hallkaren@example.org,1989-05-27,86,DK,vi,6
Emma Gonzalez,michelle33@example.org,1971-11-28,70,IT,he,1
Debra Holder,tammycamacho@example.com,1975-07-07,19,AU,hi,3
Paul Quinn,nmorrison@example.net,1963-07-26,84,GB,hi,5
Kimberly Bass,rbrady@example.org,1982-09-26,92,TW,de,2
Susan Mills,linjeffrey@example.com,1938-05-03,61,ES,ko,2
Melissa Singh,ameyer@example.net,1970-09-17,59,CA,zh,10
Julie Baker,kingadrian@example.org,1940-04-20,80,PK,ar,6
Robert Warner,ashleycarson@example.com,1942-06-04,4,IN,fr,6
Hunter Nelson,kylemendez@example.net,1996-01-02,11,CA,pt,6
Jennifer Johnson,obeasley@example.com,1977-05-18,43,DE,ru,10
Shannon Zhang,mayeric@example.com,1987-02-21,54,JP,en,11
Kimberly Sanchez,jennifer41@example.net,1966-01-10,95,AU,ja,10
Maria Mendez,salazaranna@example.net,1951-10-25,55,DK,fr,5
Erica Turner,tracy98@example.com,1994-11-26,48,GB,it,3
Carl Lane,qtran@example.com,1948-06-06,71,AU,de,6
Kimberly Whitaker,ljefferson@example.net,1960-11-28,62,AE,uk,8
Alicia Armstrong,emunoz@example.org,1966-10-03,12,CN,sw,4
John Strickland,judy18@example.net,1980-07-09,38,QA,it,11
Susan Small,richardchambers@example.org,1947-03-04,39,CN,ja,3
Jessica Nelson,edwardsana@example.net,1979-07-31,66,TW,es,3
Gregory Erickson,rachel71@example.net,1952-09-21,8,KR,pt,7
Robin Harper,hillmichael@example.net,1974-04-29,88,US,he,1
Stephanie Warren,amandajohnson@example.com,1946-08-28,42,KR,he,9
Angel Webb,shieldsamanda@example.net,1973-08-23,88,CA,hi,4
Matthew Brown,misty14@example.net,1984-12-26,62,PL,he,8
Benjamin Hudson,stevensonlindsay@example.net,1934-02-27,36,AU,uk,3
Austin Koch,tim02@example.com,1965-10-12,90,JP,en,0
Bethany Robertson,mary20@example.com,1979-11-12,8,MX,fr,5
Brian Williams,gfrazier@example.org,1987-07-30,70,IN,ja,5
Dustin Waters,pdecker@example.org,1960-05-24,48,DE,he,8
Amber Roberts,hgonzales@example.org,1961-07-20,25,PK,fr,5
Michael Ayala,robertweaver@example.org,1968-04-27,90,US,de,0
Justin Brown,jamesmark@example.net,1970-11-08,37,CN,ar,8
Joe Gonzalez,snyderjames@example.net,1996-10-15,76,KR,ja,11
Justin Owens,allenflynn@example.net,2004-05-18,5,ES,es,12
Dustin Morgan,lshort@example.com,1996-06-26,8,RU,es,11
Connor King,hleblanc@example.net,1975-04-07,28,MX,hi,10
Dr. Danielle Gordon,matthewbarron@example.net,1982-12-21,64,AU,ru,11
Phillip Foster,nicole64@example.org,1974-07-06,60,PK,ja,6
Robert Barnes,ronaldanderson@example.net,1955-12-22,42,AU,vi,6
Gregory Nielsen,gail83@example.com,1974-04-19,39,BR,pt,6
Lacey Conley,robert56@example.net,1953-10-17,15,GB,en,0
Pamela Kelley,erinmurphy@example.net,1992-07-12,28,IN,pt,11
Jennifer Spencer,duncankathleen@example.org,1980-09-18,71,RU,uk,11
Leslie Ramirez,danielbaker@example.com,1960-12-19,68,RU,vi,5
Darryl Davis,adamrubio@example.com,1981-03-20,4,IT,de,8
Lisa Burke,meyersbrenda@example.com,1999-05-18,65,IN,zh,7
Christina Moore,rsmall@example.net,1986-08-08,68,SG,hi,8
Joann Williams MD,vanessahumphrey@example.org,1980-04-02,65,KR,vi,1
Theodore Jordan,canderson@example.org,1997-06-27,85,MX,vi,7
Lisa Rangel MD,joseph79@example.com,1975-02-06,56,AE,es,1
William Franco,paul16@example.com,1972-02-26,92,CN,ko,5
Lynn Lopez,bowenmary@example.org,1966-05-07,3,JP,uk,3
Scott Smith,garybowen@example.net,1990-11-10,4,TW,es,5
Mathew Spence,bnichols@example.com,1934-07-16,53,BR,he,0
Terri Crawford,qcastillo@example.net,1953-01-12,46,IT,zh,0
Dominic Patel,garrettamy@example.org,2005-03-31,35,CA,da,10
Michaela Holt,michelle05@example.net,1989-04-27,19,DK,zh,2
Scott Vega,reginajones@example.com,1976-07-07,23,FR,vi,4
Jason Wilson,janet78@example.com,1934-10-09,74,AE,de,8
Lee Wells,rowlandethan@example.com,1982-07-08,85,JP,hi,12
Erica Everett,bfowler@example.net,1969-06-03,15,DE,es,4
Brian Nelson,nicole74@example.com,1977-03-17,75,SG,hi,4
Timothy Martin,tuckerlaurie@example.org,1945-01-16,51,RU,sw,2
Henry Bean,xgarcia@example.net,1993-11-06,16,IN,vi,5
Christopher Huff,jonesjose@example.org,1936-06-26,6,CA,sw,4
William Adams,lstout@example.com,1935-10-29,63,KR,vi,10
Darryl James,lisa79@example.org,1955-06-26,65,GB,pt,0
Christina Davis,amanda45@example.net,1995-01-20,31,SG,zh,10
Shannon Jimenez,ltodd@example.net,1967-12-19,79,IN,it,5
Martha Patterson,nathannunez@example.net,1972-09-22,34,MX,ko,2
Brian Alvarado,bradleysmith@example.com,1943-09-17,10,PL,zh,8
Christina Stewart,nmartinez@example.com,1955-07-08,86,MX,sw,0
William Faulkner,jeremygallegos@example.org,1994-02-11,77,CN,da,9
Elizabeth Myers,thompsonjulie@example.net,1980-04-15,77,AE,fr,11
James Kim,karen56@example.net,1944-05-05,9,IN,en,7
Tina Gonzalez,valenzuelamaria@example.net,1970-12-27,82,DE,it,12
Joshua Wilson,jacksonmario@example.com,2004-05-06,19,TW,ru,11
Monica Phillips,pgonzales@example.org,1985-10-29,30,ES,he,4
William Martin,barbara38@example.net,1995-12-29,47,DK,hi,6
Tyler Gomez,masonbruce@example.org,1971-02-13,48,KR,uk,1
Edward Jefferson,taylorlauren@example.net,1979-06-21,77,US,fr,3
Louis Austin,nicholaswilliams@example.net,1935-04-17,29,GB,vi,6
Kenneth Pugh,sarah12@example.org,1940-10-16,37,JP,vi,1
Angela Cole,priscilla31@example.org,1988-09-14,37,GB,ru,6
Breanna Smith,umcguire@example.net,1939-01-23,37,RU,en,12
Jesse Greene,townsendlindsey@example.net,1976-05-21,18,PK,he,5
Stacy Dunn,maryhays@example.com,1997-06-29,18,TW,zh,8
Christine Mendez,harrisonmichael@example.net,1964-04-17,44,QA,ar,12
Jamie Jenkins MD,tjackson@example.org,1990-06-10,35,AU,fr,11
Jeff Watson,lgallagher@example.org,1963-03-01,60,GB,da,4
Joanna Wyatt,onguyen@example.org,1984-09-26,64,CA,ar,3
Thomas Martinez,alexsnyder@example.com,1940-01-02,100,AU,zh,7
Andrew Rice,randolphphillip@example.net,1982-03-20,40,BR,ru,11
John Jackson,joelabbott@example.com,1957-06-20,62,SG,de,3
Derrick Rose PhD,wardgabrielle@example.org,1963-08-31,13,AE,he,10
Paul Andrews,kylehurst@example.net,1972-01-11,100,IN,de,8
Kayla Shepherd,allisonperkins@example.org,1947-07-06,83,IN,de,10
Henry Day,matthew03@example.com,1978-08-30,36,SG,vi,11
Patricia Mills,gregoryweber@example.com,1952-08-21,24,IT,uk,11
Michael Torres,taylorsexton@example.org,1993-10-03,53,BR,he,7
Spencer Butler,goodmanjason@example.net,1995-12-18,38,AE,ja,12
Melissa King,travissmith@example.net,1971-03-03,21,BR,vi,6
Chad Hall,criley@example.net,2000-07-29,19,PL,sw,5
Christina Brown,jeanne43@example.org,1941-11-23,34,IN,en,0
Bryan Cox,fhardin@example.org,2001-03-09,15,CA,en,4
Alicia Farmer,garciakathy@example.net,1988-11-30,77,KR,pt,12
Cynthia Benson,davidlutz@example.com,1946-06-15,39,TW,ru,9
Barbara Aguilar,sphillips@example.net,1998-08-17,36,BR,da,1
Adrian Prince,xtrujillo@example.net,1957-11-18,13,GB,fr,5
Cathy Arroyo,xellis@example.org,1956-02-11,49,QA,en,10
Andrew Fletcher,ryan42@example.com,1997-09-06,69,CA,ko,7
Christina Carr,sjohnson@example.net,1960-09-17,39,DE,ja,7
Micheal Fields,bobby34@example.org,2004-10-16,25,DE,ru,5
Kelly Hughes,garciaglenn@example.com,2006-04-21,10,JP,ko,6
Sarah Frank,andreareynolds@example.org,1991-11-30,13,QA,uk,1
Robin Mcdowell,hallkevin@example.net,1972-10-29,59,US,pt,11
Danielle Baker,ahernandez@example.net,1987-01-22,84,CA,it,8
Benjamin Patterson,william77@example.org,1971-06-26,98,IN,ru,7
Cassandra Palmer,jacobvasquez@example.com,1965-04-02,91,BR,vi,4
Stephen Mcgrath,abigailgarcia@example.com,1949-01-23,69,QA,de,5
Kelsey Underwood,bakermelissa@example.com,1964-10-16,90,TW,zh,0
Adam Simmons,adamsdoris@example.com,1955-02-20,24,IT,it,4
Eric Hale,jean47@example.com,1992-03-04,94,DE,vi,10
Kimberly Edwards,nschneider@example.net,1979-02-28,12,KR,fr,10
Krystal Guzman,carlsonkyle@example.net,1989-05-06,69,TW,he,11
Jason Bailey,wesleypatel@example.org,2002-12-25,20,CA,sw,8
Edward Becker,juliaharvey@example.net,1957-03-10,56,ES,he,12
Martha Blankenship,martincharles@example.org,1947-06-07,0,JP,ko,0
Monica Hart,kendradixon@example.net,1978-08-27,69,MX,uk,10
Zachary Campbell,award@example.com,1959-12-26,68,US,es,3
Anthony Copeland,yallen@example.org,1962-09-21,45,AE,ja,5
Christy Martin,wongtiffany@example.net,1976-11-22,42,CN,ko,11
Nicholas Juarez,jonesjames@example.com,1985-11-25,96,KR,en,11
Samuel Jones,nathan48@example.net,1939-02-03,8,AU,vi,1
David Hall DVM,joneskimberly@example.com,2005-02-23,84,IT,ja,3
Benjamin Cobb,starktaylor@example.net,1944-01-26,55,PK,hi,6
Dr. Alexander Reyes,michelemcfarland@example.net,1993-09-11,60,DE,sw,3
Natasha Salas,alloyd@example.com,2001-03-10,69,QA,en,7
Tracy Smith,jasmine20@example.net,1996-04-22,88,KR,hi,10
Shelly Lynch,graycarrie@example.net,1979-08-12,5,PL,ja,1
Kelly Hood,williamspeter@example.net,1960-02-01,99,RU,en,5
Jordan Peterson,kmatthews@example.org,2005-01-10,4,PK,ko,9
Lori Peterson,terryjon@example.net,1989-08-08,42,CA,uk,3
William Bender,brendaschmidt@example.org,1989-10-20,55,GB,it,12
Victoria Jimenez,ryanjackson@example.com,1970-03-17,63,BR,fr,4
Robert Edwards,taylorjacqueline@example.org,1982-01-22,86,DK,de,8
David Lee,kcraig@example.net,1959-08-12,2,PK,es,3
Gregory Hernandez MD,markpowers@example.com,1964-08-29,57,PL,uk,10
Shane Crawford,wanda94@example.net,1961-08-17,99,IT,ja,10
Gordon Roth,hdavis@example.net,1945-08-31,69,US,ko,10
Monique Whitehead,boydjonathan@example.com,1961-03-13,40,BR,uk,6
Adam Anderson,ernesteaton@example.org,1957-11-15,82,BR,fr,10
Brent Sosa,kimjessica@example.net,1965-11-03,51,IN,uk,6
Brittany White,srobertson@example.com,1953-02-09,61,DK,uk,4
Yvonne Munoz,earlwatson@example.org,1946-12-29,32,AU,pt,12
Raymond Proctor,ramosjasmine@example.com,1940-06-30,15,TW,vi,4
Rachel Walker,logannorton@example.net,1937-06-01,99,AU,hi,3
Jeffrey James,vgriffin@example.com,1934-05-26,27,CA,it,3
Julie Jacobson,williamsnathaniel@example.org,1960-06-23,61,SG,pt,5
Adrian Daniels,katelynjefferson@example.net,1967-12-17,98,ES,da,0
Jacob Patel,derek29@example.com,1995-04-11,70,CN,ko,0
Michael Lewis,richard78@example.com,1934-03-14,61,RU,pt,0
Chloe Horne,william33@example.org,1995-10-13,38,RU,da,4
Michael Rojas,rebecca52@example.org,1940-04-02,64,CN,zh,2
Benjamin Cisneros,kevin96@example.com,2004-01-05,65,AU,fr,6
Dr. William Bush Jr.,qortega@example.com,1971-05-23,78,DE,es,7
Angel Burton,tbenson@example.org,1939-12-28,18,FR,uk,5
Christy Harrison,veronica28@example.org,1985-09-16,2,AE,zh,2
Timothy Esparza,vhall@example.com,1949-07-13,60,BR,de,4
Linda Powell,jacob50@example.org,1945-09-14,48,DK,uk,11
William Frazier,jacqueline90@example.com,1994-07-11,63,CA,vi,9
Matthew Peterson,michelebutler@example.net,1975-05-27,7,JP,da,5
James Thomas,kayla41@example.net,1970-10-11,65,AE,en,12
Kristen Brown,lorrainehuynh@example.net,2002-01-01,67,TW,hi,4
Evan Johnson,ryanross@example.net,1950-04-28,26,US,it,6
James Green,fbarnes@example.net,1964-03-06,33,DK,it,1
Brenda Hess,zkelley@example.net,2006-02-03,91,MX,en,10
Andrew Pugh,smithkyle@example.org,1972-04-11,86,QA,ko,0
Adam Johnson,donna84@example.com,1960-11-18,34,CN,hi,12
Mr. Jack Patterson,snowjackson@example.org,1964-08-18,18,RU,fr,2
Courtney Adams,ljefferson@example.net,1946-09-08,91,SG,hi,12
Michael Owen,keith15@example.org,1941-06-11,61,QA,hi,10
Edwin Henson,margaretramirez@example.org,1960-02-08,41,CA,it,8
Miranda Chavez,andrea60@example.net,1952-01-06,9,ES,fr,9
Michelle Mcgrath,wellspeter@example.org,1971-02-28,7,JP,ja,10
Ashley Potter,martha63@example.com,1949-12-27,96,AE,en,10
William Thompson,thomaspittman@example.net,1958-09-29,60,KR,de,0
Mr. Patrick Perkins,michellelopez@example.com,1936-12-05,54,MX,en,9
Hailey Tran,vsteele@example.net,1970-12-12,18,AE,fr,3
Isabella Mason,kevintaylor@example.net,1979-03-30,4,GB,fr,2
Edward Castillo,joy66@example.net,1960-02-13,20,JP,es,0
Tom Hall,ernest05@example.net,1994-03-07,68,DK,hi,5
Heather Hawkins,john36@example.net,1986-06-24,78,IN,fr,3
Susan Reed,sarah22@example.net,1974-06-11,30,IN,vi,6
Keith Perez,bailey54@example.org,1985-06-29,66,AU,uk,8
Travis Schwartz,flopez@example.org,1971-05-08,54,FR,ko,0
Gary White,seanreyes@example.org,1996-05-17,68,PK,ko,5
Zachary Grant,ortizjames@example.org,1959-09-02,58,ES,pt,4
Stephanie Simmons,martinezcrystal@example.com,1985-10-20,44,DE,sw,12
Kristina Park,andrew50@example.com,1995-06-15,98,SG,vi,9
Jeffrey Kirby,erikwood@example.net,1977-02-28,18,FR,ja,10
Erica Booth,kathleenlawrence@example.org,1944-03-09,51,QA,ar,6
Alexandra Burch,connor32@example.net,1971-06-06,80,AU,ja,0
Timothy Atkins,beth51@example.com,2005-04-19,20,CA,ru,6
Jesse Young,ryancook@example.org,1942-07-14,27,JP,da,9
Andrea Wells,wilsonbrittany@example.org,1987-05-31,32,DE,hi,8
Scott Johnson,hensleyregina@example.com,1940-02-20,94,CN,it,5
Benjamin Morris,afischer@example.net,1949-12-24,90,DE,de,11
Edward Hobbs,lmorton@example.com,2005-08-17,64,MX,uk,6
Darrell Vega,rodriguezchristy@example.com,1977-04-22,56,CA,uk,8
Steven Garcia,juan01@example.org,1998-04-28,51,PK,ja,1
Teresa Garcia,qperkins@example.org,1935-05-20,45,IT,zh,12
Pedro Herrera,austinochoa@example.com,1974-06-16,41,KR,hi,7
Justin Lucas,moraleschristopher@example.org,1953-01-22,8,PK,hi,9
Michaela Brown,jharrison@example.net,1998-03-22,42,CA,hi,1
Brenda Watson,joseph04@example.org,1963-12-15,77,TW,vi,3
Joshua Snow,sharon31@example.com,1976-02-11,69,US,pt,10
Anthony Smith,joannaturner@example.com,2005-06-10,6,US,pt,4
Kerry Lam,nicoledavis@example.org,1985-06-30,92,KR,zh,10
Joshua Lin,christina65@example.com,1962-07-20,69,KR,en,8
Jennifer Stafford,zpena@example.org,1992-02-26,91,PL,fr,1
Warren Carter,wrodriguez@example.net,1988-03-23,12,IN,vi,11
Sara Bell,rmoore@example.com,1959-02-05,91,TW,it,10
David Brown,christina64@example.com,1978-03-13,77,IT,ar,5
Jeffrey Smith,rwood@example.org,1946-08-20,81,IT,en,8
Joshua Jones,christopher76@example.net,1955-07-26,51,ES,en,0
Richard Thompson,zolson@example.com,2001-10-18,56,MX,fr,7
Jacqueline Thomas,regina06@example.org,1998-06-13,59,IN,da,11
Ronald Jackson,knorris@example.org,1975-08-15,12,BR,he,0
Phillip Miller,david27@example.com,1973-02-18,40,FR,he,10
Lindsey Medina,gordonmaria@example.net,1937-11-28,42,BR,en,6
Denise Morrison,hodgesmargaret@example.com,1947-08-12,90,JP,ru,6
Kenneth Noble,scottchase@example.net,1939-08-26,79,GB,ar,3
Breanna Berg,jamesroberts@example.org,1943-08-13,13,FR,sw,4
Harold Smith,mark57@example.com,1970-12-10,99,FR,uk,2
Travis Davis,anitaclark@example.com,1933-10-03,95,SG,en,8
Mark Hubbard,afarrell@example.org,2005-03-05,79,TW,ko,10
Michael Calhoun,hlewis@example.com,1993-04-30,11,RU,he,3
Johnathan Smith,castillodavid@example.org,1965-09-24,1,GB,hi,6
Darrell Olsen,contreraswendy@example.com,1999-04-02,0,US,fr,1
Danielle Fry,timothyfarmer@example.org,2006-02-09,77,QA,uk,12
John Greene,eaguilar@example.net,2000-12-26,71,TW,fr,6
Catherine Stuart,carterchristy@example.net,1968-09-15,5,QA,it,0
Jamie Nixon,nespinoza@example.com,1952-04-29,16,AE,da,9
Joseph Smith,rosescott@example.com,1988-07-17,20,TW,pt,9
Sherry Fitzgerald,nicole65@example.net,1981-01-05,93,AU,it,9
Melanie Kelly,dthompson@example.com,1992-02-07,66,AU,sw,0
Shawn Reid,danielharper@example.org,1981-07-25,59,GB,en,12
Catherine Lane,xtravis@example.org,1934-12-19,59,MX,pt,9
Taylor Durham,ncabrera@example.net,1970-04-09,82,IT,it,6
Tiffany Mills,michelle16@example.org,1975-05-06,71,KR,da,0
Melissa Cohen,michaelmccoy@example.net,1961-11-20,62,TW,fr,6
Andrea Murillo,phillipsbrittney@example.com,1962-04-29,75,CA,ja,8
Troy Watson,annascott@example.org,1936-11-19,95,RU,uk,9
Derek Mullins,robertchurch@example.com,1951-04-14,49,CN,fr,3
Mark Thompson,keith62@example.com,1975-04-05,74,AE,vi,7
Leslie Martin,mckaycatherine@example.com,1942-07-13,0,ES,en,5
Amanda Nolan,daniel34@example.org,1979-11-22,37,IN,sw,3
Caleb Harris,breanna10@example.com,1947-12-20,92,GB,pt,12
James Hansen,christopherbowers@example.com,1968-01-18,70,PK,de,12
Michelle Wheeler,brian93@example.com,1960-11-28,53,AU,es,4
Brent Patel,smithjohn@example.org,1944-10-03,89,CA,hi,3
Beverly Campbell,joshuawilkerson@example.net,1966-01-31,70,GB,en,3
Kerry Smith,webbamanda@example.net,1975-01-06,52,BR,he,3
Timothy Grimes,stephanie24@example.net,1963-12-14,18,US,sw,5
Allison Rogers,adamramos@example.com,1974-12-28,25,GB,he,3
Steven Johnson,amandabutler@example.org,1954-03-22,9,DE,sw,12
Roger Evans,john45@example.com,1947-06-22,7,GB,ja,8
Brian Beltran,deannabell@example.com,1940-12-29,44,GB,uk,9
Robert Nelson,reedjames@example.com,1990-01-04,64,PK,ru,7
Eric Nelson,crystalwilliams@example.net,1996-11-16,33,DK,he,6
Jessica Park,pamela74@example.org,1956-03-26,37,IN,fr,1
Lauren Rios,fwright@example.net,1998-12-29,70,FR,ja,8
Alison Jones,bfischer@example.net,1937-08-09,89,JP,pt,6
Jacqueline Powers,pmartinez@example.net,1961-03-30,70,GB,fr,2
Jocelyn Ballard,dustin75@example.net,1963-05-14,14,ES,de,7
Janice Walker,sharpemma@example.com,1986-05-10,62,CN,vi,8
Michelle Castro,delgadomelissa@example.org,1975-06-08,66,IT,vi,9
Kyle Hernandez,williamsclinton@example.net,1963-09-10,22,FR,it,0
Gregory Williams,angela26@example.net,1989-03-11,85,FR,es,5
John Taylor,wilsondalton@example.com,1971-09-09,94,RU,it,0
Laura Watson,nsalazar@example.net,2003-11-20,50,RU,uk,9
Monique Johnston,iharvey@example.org,2004-03-08,51,DK,ko,3
Christine Martinez,nathanmaddox@example.org,1945-01-03,32,CA,da,3
Katrina Williams,kristahoward@example.com,1982-12-27,11,TW,hi,0
Dr. Chelsea Martinez PhD,pmeza@example.net,1966-03-10,8,PL,ko,6
James Hamilton,williamhill@example.org,1947-07-28,1,TW,es,7
Michael Thompson,ljackson@example.org,1952-01-06,23,JP,sw,4
Matthew Knox,brownmatthew@example.org,1989-11-10,79,JP,vi,0
Stephen Lee,joseph79@example.com,1995-07-28,30,MX,fr,12
Dawn Sanders,amanda60@example.com,1963-01-06,67,SG,zh,11
Jessica Ward,morandiane@example.com,1950-07-01,91,CA,es,9
Patty Hardy,carlburns@example.com,1981-02-10,38,MX,pt,9
Gilbert Johnston,richardgibson@example.org,1948-08-12,37,RU,vi,0
Cynthia Peterson,alexanderisaiah@example.org,1990-09-26,9,GB,zh,4
Walter Rivera,dsmith@example.com,1937-03-19,5,PK,es,0
Timothy Ramos,jeffrey29@example.org,1942-04-08,79,AE,it,4
Derrick Brown,zscott@example.net,2001-08-19,59,MX,fr,7
Sean Mcgee,zrogers@example.org,1997-03-10,5,PK,ru,10
Angela Arnold,madison67@example.com,1993-08-11,63,RU,vi,4
Eric Ferguson,rpreston@example.com,1935-09-03,34,JP,he,7
Caitlyn Wright,eringomez@example.net,1999-03-08,93,IN,zh,9
David Khan,rodriguezjason@example.net,1955-11-23,46,FR,sw,12
Eric Davidson,uking@example.net,1999-08-05,67,FR,ko,6
Karen Poole,kenneth06@example.com,1959-06-06,29,BR,hi,1
Nicole Steele,bryantkatherine@example.net,1978-06-21,70,PK,fr,1
Michele Patel,tony07@example.net,1963-08-20,85,FR,fr,12
Amanda Lynch,tiffany95@example.org,1957-06-08,42,KR,ja,10
Emma Santiago,christophercortez@example.com,1944-04-16,30,CA,pt,11
Kenneth Reid,aaron15@example.com,2004-10-06,25,MX,pt,12
Mr. Joshua Stanley PhD,john37@example.net,1950-12-23,71,SG,hi,2
Jon Meza,murphyyolanda@example.org,1989-01-17,48,KR,hi,12
Latoya King,scottlee@example.org,1968-12-06,62,RU,ru,4
Justin Odonnell,maureenmitchell@example.com,1962-04-03,98,IN,de,2
Christopher Fields,mary03@example.com,2001-12-12,96,PL,da,4
David Elliott,smitheric@example.org,1982-01-23,3,IT,ko,5
Heidi Hughes,kristinwright@example.net,1979-08-08,67,DE,ru,11
William Carney,obrown@example.net,1960-01-27,100,SG,ru,9
Abigail Macias,kmcintosh@example.com,1951-05-07,78,KR,en,11
Ryan Grant,mwilliams@example.com,1990-09-13,49,TW,sw,12
Theresa Allen,suttonbethany@example.org,1983-10-01,65,MX,uk,8
Tanya Ryan,dana35@example.org,1954-08-22,11,IN,ja,6
Jacqueline Jackson,jacksonjesse@example.net,1941-10-19,23,AU,es,1
Lydia Taylor,joansanders@example.org,2002-11-29,80,JP,ar,3
Annette Michael,bushjoyce@example.net,1972-05-04,21,IT,ar,12
Kevin Meyer,williamrichardson@example.net,1937-04-28,91,BR,he,1
Sharon Stafford,fmoore@example.org,1936-09-27,25,JP,uk,3
Tanya Wood,anna68@example.net,1972-08-27,68,FR,de,2
William Ball,bryantjessica@example.net,1981-02-16,89,DK,fr,4
Nathan Heath,sharilarsen@example.com,1956-10-06,11,JP,uk,9
Catherine Sexton,uburch@example.net,1962-09-15,16,IN,zh,9
John Miller,jenniferrobles@example.com,1973-08-26,86,DK,hi,2
Thomas Chang,ywoods@example.com,1944-04-30,93,IT,hi,10
Beverly Hill,fosterryan@example.org,1966-07-29,53,PL,zh,2
Kayla Medina,davisbrian@example.org,1951-08-22,26,DE,de,5
Antonio Evans,stephanie79@example.net,1951-11-07,25,DK,pt,8
Thomas Higgins,george89@example.com,1946-01-14,17,PL,ja,2
Michael Alvarado,xbrown@example.com,1957-03-16,50,TW,hi,8
Joshua Gates,amarks@example.org,1991-07-20,82,KR,ko,0
Sheryl Curry,nsanchez@example.com,1957-04-10,52,CN,da,3
Gwendolyn Baker,angela93@example.net,1975-11-10,9,RU,es,2
Sabrina Sullivan,qmyers@example.org,1994-05-31,2,FR,ru,10
Logan Olson,hgray@example.net,1967-02-04,78,GB,pt,0
Becky Vasquez,cardenasstephanie@example.org,2004-12-05,89,TW,sw,5
Omar Davis,cbryant@example.org,1949-10-18,94,FR,zh,11
Jessica Chan,sydney45@example.com,1960-07-18,49,CA,de,4
Sandra Johnson,ismith@example.com,1979-12-15,40,SG,ko,11
Dave Miller,rachel94@example.com,1970-07-09,39,RU,sw,6
Susan Landry,bpierce@example.org,1955-05-13,97,DE,uk,3
Elizabeth Kelly,danielchan@example.com,1943-04-14,29,IN,he,8
Brandi Hill,janetblanchard@example.net,1970-05-02,20,SG,en,0
Melinda Grant,korr@example.com,1994-06-15,59,KR,hi,1
Matthew Curry,klittle@example.org,1942-05-22,22,FR,ja,11
Ethan Melton,wdudley@example.com,1964-01-31,95,IN,he,6
Victoria Gonzalez,riveramary@example.org,1938-08-25,35,QA,pt,8
Andrew Miller,wreynolds@example.org,1993-07-07,7,PL,hi,1
Sonya Jones,howardamy@example.net,1967-03-22,68,AE,de,5
Michael Gillespie,hendrickskimberly@example.com,1947-06-16,17,AU,en,2
Michael Ali,yglass@example.com,2003-10-19,52,CN,de,4
Thomas Lucas,richard80@example.org,1987-05-14,39,AU,zh,2
Michael White,martinanna@example.com,1951-02-27,92,MX,da,8
Jennifer Luna,charlesjohnson@example.net,1991-05-07,81,MX,it,3
Danielle Johnson,yrose@example.net,1963-01-26,25,BR,fr,3
Kayla Johnson,mckinneyalejandro@example.org,1992-12-01,87,KR,pt,6
Meagan Rogers,hollandamanda@example.com,1969-05-17,30,SG,ko,11
Curtis Hatfield,qfaulkner@example.net,1941-03-28,30,BR,it,6
Barry Oconnor,philip30@example.com,1953-11-19,83,QA,ja,7
Hannah Perez,cynthia39@example.net,1943-08-19,83,AU,fr,0
Ashlee Smith,charles57@example.com,1966-05-09,50,SG,ru,4
Larry Warner,rachelfinley@example.com,1964-03-22,92,RU,fr,2
Christopher Hancock,nmejia@example.net,1950-06-29,58,KR,sw,11
Dakota Richardson,ambercampbell@example.net,1936-11-05,45,SG,ko,11
Jessica Martinez,clawson@example.net,1992-03-24,39,US,hi,6
Mark Oconnor,sonya81@example.org,1941-01-17,48,GB,ja,7
Michael Jackson,qsimmons@example.net,1942-06-02,69,US,it,3
Emma Bruce,dboyle@example.org,1953-11-06,60,IT,hi,6
Matthew Dillon,racheltucker@example.org,1970-01-15,95,QA,ko,12
Daniel Lee,wmorris@example.net,1982-08-19,0,BR,ja,8
Sara Robertson,psimpson@example.net,1963-08-11,64,CA,hi,5
Christopher Keith,lsoto@example.com,1941-01-17,86,PL,fr,12
David Green,clarkjesse@example.net,1956-06-18,55,TW,en,9
Wesley Simon,bdowns@example.org,2004-05-26,79,FR,uk,8
Emily Martin,hlittle@example.org,1997-03-14,29,RU,zh,1
Alice Knox,rmedina@example.net,1939-04-08,69,IT,ar,11
Yolanda Macdonald,brianswanson@example.net,1966-03-18,15,TW,en,3
Felicia Spencer,charlesmichelle@example.org,1947-07-23,88,PL,hi,7
Douglas Foster,timothyperkins@example.org,1984-12-01,43,FR,zh,5
William Rice DDS,kristincurry@example.org,1996-02-15,58,IN,zh,10
Michael Brown,sean72@example.com,1961-11-26,49,TW,it,7
David Cummings,aprilkramer@example.org,1974-08-15,65,DK,sw,1
Timothy Shepherd,ncross@example.org,1979-01-20,59,ES,ar,6
Richard Walker,johnsonmadison@example.com,1960-10-20,97,JP,ja,0
Samuel Harris,hutchinsonchristine@example.net,1959-03-19,44,GB,ko,1
Daniel Thomas,ewingrichard@example.com,1978-12-14,18,SG,zh,11
George Campbell,duartesara@example.org,1961-07-02,22,TW,pt,9
Cody Hogan,williammay@example.com,1943-07-02,51,DK,fr,2
Ashley Wilson,james42@example.org,1998-02-20,95,AE,zh,11
Troy Moore,ambercarter@example.com,1993-07-05,56,SG,zh,7
Jennifer Tucker,john68@example.org,1973-09-16,93,TW,es,8
Andrew Pena,kyle81@example.com,1953-09-19,45,US,sw,10
Kevin Williams,james58@example.com,1985-07-08,22,SG,pt,8
Rebecca Hughes,coxheather@example.com,1973-08-12,5,IN,it,6
Patricia Mccoy,andersonkellie@example.net,1945-07-20,53,GB,sw,0
Deanna Carter,blang@example.org,1954-02-20,59,QA,ru,6
Jay Briggs Jr.,nataliescott@example.net,1955-12-13,36,QA,vi,1
Erika Cole,jessica62@example.org,1960-02-05,21,IN,ja,3
Joseph Weaver,cathy13@example.net,1940-01-31,66,IN,uk,10
Nicole Smith,erik77@example.com,1941-09-26,84,TW,en,4
Carla Church,reyesrachael@example.com,1980-05-16,26,TW,sw,9
Andrew Wagner,carlos60@example.com,1964-01-28,32,TW,it,3
Christina Vance,mcconnellbarbara@example.net,1956-05-25,78,IN,pt,9
Cheryl Stanley,scott20@example.org,2002-02-28,97,IN,ru,8
John Jones,ubarnes@example.net,1961-12-02,25,FR,hi,5
Lynn Chavez,eileennolan@example.org,1977-09-10,81,KR,hi,7
Michael Whitney,ashley57@example.org,1998-09-05,83,TW,pt,9
Jeffrey Morris,max20@example.com,1997-03-28,97,BR,ru,10
Crystal Ashley,icarter@example.net,1966-09-16,91,SG,uk,0
Melody Fleming,asmith@example.org,1950-02-15,94,BR,hi,0
Jessica Holland,brandon56@example.com,1940-07-15,6,IN,en,0
Sarah Estes,alexis76@example.com,1967-01-29,52,SG,da,7
David Young,jamescole@example.net,1988-09-19,11,MX,ar,11
Dean Phelps,anthonymullen@example.org,1983-10-19,61,IN,da,6
John Griffith,mackjohn@example.org,1936-11-23,46,RU,it,0
Michael Robles,joshua59@example.net,1964-09-20,76,PL,ru,7
Allison Garcia,gmorris@example.org,1996-05-17,79,ES,ar,10
William Garza,allisonsmith@example.org,1950-02-19,65,ES,vi,0
Mrs. Judith Rodriguez,madisonreynolds@example.org,1960-04-09,93,RU,ru,1
Raymond Davis,clarklynn@example.net,1945-05-01,2,IT,pt,11
Michele Rose,wademichael@example.net,2002-01-13,91,CA,ko,1
Ryan Mejia,brittanysoto@example.com,1997-01-23,15,AU,vi,7
Julie Mitchell,uguerrero@example.com,1970-12-15,98,RU,it,12
Michael Kent,matthewford@example.net,1994-05-24,28,DE,pt,12
Barbara Burgess,nicholas65@example.org,1989-04-20,2,KR,pt,6
Lisa Mann,sophiachristensen@example.net,1998-03-06,70,CA,en,0
Julie Calderon,johnstongeoffrey@example.org,1984-05-26,39,US,da,6
Tammy Meyer,williamslacey@example.net,1974-04-28,23,US,ko,11
Robert Stein,brandon84@example.com,1934-08-25,74,GB,fr,10
Jacob Fowler,xmckinney@example.com,1955-12-20,3,FR,vi,10
Caitlin Spencer,brandtjohn@example.org,2002-01-18,39,ES,sw,5
Laura Richards,wholmes@example.org,1935-12-01,68,RU,en,9
Brandon Parker,sarahsmith@example.org,1953-11-18,79,GB,fr,12
Christopher Martinez Jr.,brittanyjohnson@example.org,1959-08-28,21,AE,he,11
Christopher Jones,mreed@example.org,1934-08-17,16,AE,sw,11
Destiny Smith,courtneyluna@example.com,1943-12-02,90,JP,ko,5
Frederick Diaz,jmoss@example.net,1955-05-28,7,JP,uk,2
Brooke Perry,tannermelanie@example.org,1966-02-17,10,CN,it,8
Spencer Davis,hodgecindy@example.net,1935-09-08,37,RU,zh,4
Stacey Tyler,aaron02@example.net,1964-08-21,8,PL,da,0
Bailey Higgins,cooperharold@example.com,1993-01-23,27,KR,it,10
Tracy Smith,szimmerman@example.org,1982-01-25,96,MX,ja,9
Greg Woods,ysullivan@example.net,1994-01-07,73,RU,it,10
Hannah Hamilton,jacobcline@example.com,1961-06-28,99,TW,sw,10
Wesley Miller,mariaflowers@example.net,1981-01-28,32,CA,ko,2
Daniel Terry,tramirez@example.com,1942-04-06,66,BR,ko,3
James Warren,mario65@example.com,1984-07-23,79,CN,sw,8
Charles Fleming,schaeferbianca@example.net,1994-06-29,100,TW,ja,12
Lisa Ballard,fernandezerica@example.net,1952-10-19,38,CN,ko,10
Jacqueline Thomas,steven19@example.net,2001-02-23,65,BR,sw,5
Teresa Potter,daniellebarber@example.com,1958-08-23,48,QA,it,4
Mark Bennett,jackmontgomery@example.net,1948-02-07,13,AU,pt,0
James Dominguez,millermatthew@example.org,1936-02-14,62,US,ja,6
Pamela Delgado,marshalllaura@example.org,1937-01-08,6,ES,zh,9
Megan Allen,jasminesmith@example.net,1997-10-27,58,RU,fr,2
Mark Lloyd,ariaskelly@example.net,1953-10-27,52,MX,es,9
Chloe Quinn,pchang@example.org,1988-08-09,0,JP,ru,1
Tammy Jimenez,laurenchambers@example.net,1949-12-14,57,SG,ko,6
Jason Nelson,marisawang@example.org,1934-01-20,83,SG,ar,10
John Hunt,jayjones@example.org,1969-12-06,40,AE,zh,6
Charles Lewis,obrienamanda@example.org,1962-10-22,12,MX,da,10
Todd Thomas,johnclayton@example.net,1960-04-28,9,RU,en,5
Hunter Morgan,hunterkeith@example.net,1989-11-01,56,TW,fr,3
Monica Roberts,kendra04@example.com,2002-07-22,53,TW,he,1
Traci Anderson,austinroberts@example.com,1953-08-19,20,BR,es,1
Meagan Sanford,mcbrideholly@example.com,1957-04-10,98,MX,da,6
Sabrina Goodman,traci31@example.com,1935-12-30,25,US,sw,4
Monica Mcdaniel,kimberlyhernandez@example.net,1988-04-14,10,RU,ko,7
Jeffrey Reynolds,dustinnavarro@example.org,1944-12-23,39,KR,es,7
Shawn Hernandez,garrettfletcher@example.org,1937-04-08,61,TW,he,0
Julia Brown,garcialisa@example.org,1985-06-09,15,MX,de,5
April Robertson,anita91@example.net,1945-01-26,11,DK,zh,9
Jonathan Ford,terribrown@example.com,1944-09-02,83,IN,ru,6
Mark Marshall,aaron82@example.net,1959-10-14,87,FR,uk,0
Paul Rivera,olloyd@example.com,2001-07-09,14,ES,hi,10
Diana Rogers,gsmith@example.net,1937-10-27,100,CN,it,2
Lori Daugherty,anthony78@example.com,1949-07-21,29,BR,vi,11
Stephanie Meadows,marcus59@example.com,1980-03-23,30,KR,hi,5
Stephanie Carroll,vanessa79@example.com,1953-08-16,34,RU,de,4
Patrick Rogers,richard38@example.org,1941-04-30,62,JP,sw,10
Debbie Hawkins,shawn06@example.org,1998-01-25,28,DK,ko,2
Scott Smith,jenniferrichardson@example.com,1985-02-16,100,ES,fr,6
Joseph Jones,douglaskelly@example.org,1953-01-26,37,QA,ko,5
Victoria Wood,lanecasey@example.net,1945-02-03,62,JP,ko,10
Sarah Colon,joshuaproctor@example.org,1959-12-06,72,IT,hi,12
Jessica Meyers,alyssa82@example.com,1942-02-16,6,QA,zh,7
Samantha Allen,martinjoshua@example.org,1999-05-17,64,IT,vi,7
William Miller,tgreene@example.com,1969-05-31,54,JP,es,6
Kevin Palmer MD,ceverett@example.net,1997-08-27,13,QA,sw,5
Jason Baker,jessicawilliams@example.org,1960-06-18,15,ES,ru,2
Jonathan Dalton,hrogers@example.net,1953-01-17,40,DE,uk,9
Jordan Melendez,emily05@example.com,1970-03-22,92,US,vi,3
Dr. Jacob Owens MD,jeffrey23@example.com,1998-09-01,32,FR,it,5
Peggy Suarez,hgibbs@example.com,1943-11-18,12,CN,en,4
Tamara Williams,joseramsey@example.org,1963-01-15,84,IN,da,1
Miguel Martin,robert29@example.net,1948-01-14,72,CA,en,3
Shannon Diaz,morristyler@example.net,1947-07-14,42,MX,sw,2
Amy King DDS,joshua25@example.com,1934-07-17,86,US,zh,12
Eric Kennedy,dpearson@example.net,1999-10-16,77,KR,zh,3
Timothy Moreno,pamela66@example.com,1993-06-28,65,MX,it,10
Cassie Crosby,rwilson@example.org,2004-10-30,88,TW,hi,1
Eric Collins,scottgriffin@example.org,1970-04-14,5,BR,zh,12
Amy Neal,michael56@example.com,1961-01-13,44,DE,ko,0
April Nichols,ggarcia@example.net,1939-04-12,51,DE,zh,11
Ashley Harris,tlindsey@example.org,1945-09-11,18,BR,ko,3
Rachel Bell,wrose@example.com,1953-02-25,61,TW,uk,1
Andrew Baker,pinedatimothy@example.net,1968-03-16,22,DK,de,9
Traci Holland,christinegarcia@example.net,1994-08-03,81,JP,it,11
Erin Boyd,gabrielle95@example.net,1963-04-14,86,SG,ru,2
Nicholas Morris,leslieharris@example.org,1980-08-12,28,DE,sw,6
Joseph Yates,james01@example.net,1961-12-10,72,DE,pt,12
Kimberly Hayden,njohnson@example.com,1961-03-17,16,US,ar,9
Jose Dickerson,katherine19@example.net,1945-10-24,12,PK,ja,4
David Kim,michaelyoung@example.net,1967-02-19,77,MX,de,11
Mark Bradley,ebrown@example.org,1938-08-11,36,US,ko,8
Denise Horne,kelsey74@example.org,1995-07-09,69,GB,pt,7
Danielle Hill,yprince@example.net,1950-12-30,97,AU,de,3
Larry Guzman,sherry20@example.net,1978-02-27,1,FR,de,11
Amanda Ramirez,ashley23@example.org,1951-04-10,56,AE,hi,10
Michael Meyers,adrian57@example.net,1951-11-12,72,TW,da,9
Charles Johns,hayesemily@example.net,1986-02-04,47,SG,ar,11
Samantha Johnston,donald94@example.org,1934-02-10,0,AE,ru,11
Deborah Adams,garzanicole@example.net,1955-01-02,96,TW,zh,4
Marcus Flowers,melendezvictoria@example.net,2003-06-18,10,RU,es,2
Elizabeth Davis,joel65@example.com,1978-07-23,15,JP,ko,1
Justin Lee,sosaronald@example.net,1939-07-21,84,CN,de,4
Alicia Perkins,owillis@example.net,1943-07-13,54,QA,ja,9
Alex Rojas,carlsonnicholas@example.com,1994-04-06,67,US,da,1
Erik Martin,johnjenkins@example.com,1980-04-08,58,CN,pt,7
Tracy Gallagher,reidrebecca@example.org,1983-04-23,50,AU,es,9
Sarah Marshall DDS,dbryant@example.net,1949-11-28,15,MX,vi,9
Nicole Clark,esutton@example.net,1960-12-11,80,CA,da,1
Jonathan Smith,fmccormick@example.com,1966-06-11,19,KR,ar,0
Brittany Davidson,donnachung@example.org,1968-11-19,41,RU,es,5
Dr. Karen Pope DDS,petersonnathaniel@example.net,1994-10-20,42,PK,de,11
Lisa Clark,davisjoseph@example.com,1995-01-21,72,TW,uk,1
Michael Rodriguez,christinemorris@example.com,1950-07-07,39,MX,en,8
Jacqueline Wilson,daniel93@example.org,2004-05-17,19,GB,da,11
Peter Perkins,browncindy@example.net,1959-10-27,12,CA,da,10
Stephanie Conner,hendersonjuan@example.org,1937-02-17,33,CA,zh,1
Benjamin Moreno,randallcarlson@example.net,1959-11-22,29,CA,he,0
Melanie Duncan,mccoyjacob@example.net,1936-10-02,92,AE,he,4
Kathryn Morris,hooperdennis@example.com,1963-12-16,91,TW,ar,12
Tyler Baldwin,tranrichard@example.net,1942-11-12,6,JP,zh,10
Elizabeth Nguyen,zwilkinson@example.org,1947-09-08,18,MX,sw,9
Corey Bradford,ncohen@example.org,1979-05-05,6,US,de,7
Steven Williams,jerrybennett@example.net,1953-11-19,6,DE,ko,9
John Kirby,stephanie96@example.org,1972-04-20,51,CN,uk,3
Barry Hernandez,katelynharmon@example.net,1991-04-21,70,CA,sw,11
Adam Greene,marcadams@example.org,1971-08-15,98,IN,da,12
Susan Osborne,jose03@example.net,1964-12-31,95,GB,ru,7
Lisa Shaw,rickyhaynes@example.net,1947-02-26,62,AE,ru,12
Tanya Wu,perezshannon@example.com,1989-03-20,72,CN,he,1
Margaret Hunter,tphillips@example.net,1999-04-10,85,PL,zh,5
Chelsea Simmons,jefferybarrett@example.net,1970-10-25,1,MX,uk,6
Cindy Perkins,kristalowe@example.org,1947-09-22,100,TW,ar,12
Michael Perkins,kevin44@example.net,1948-06-22,51,FR,es,2
Nicole Rivers,christopher37@example.net,1984-03-21,6,IN,fr,8
Bradley Lewis,mooreraymond@example.org,1989-04-08,31,GB,ar,12
Amanda Davis,kathytaylor@example.net,2004-11-21,64,RU,zh,10
Brandon Stevenson,vegaanita@example.org,1973-01-30,44,GB,he,11
Linda Wilson,mgonzales@example.com,1994-01-20,50,ES,hi,6
Michael Little,reedsteven@example.com,1936-04-20,34,DE,es,10
Melvin Mccall,baileyleon@example.net,2006-08-13,88,IN,ko,4
Connor Smith,tina46@example.org,1948-06-22,33,CN,hi,12
Sean Hernandez,martinkevin@example.com,2001-01-02,59,QA,ko,4
Ronald Campbell,brianbryant@example.com,1972-04-03,24,SG,fr,9
Sara Oliver,hillmichael@example.net,1948-02-19,34,TW,ja,1
Jenna Johnson,lindsayholloway@example.com,1947-02-01,40,DK,ko,0
Anne Chapman,rsmith@example.net,1965-11-10,91,SG,vi,1
Melanie Blackwell,tjackson@example.org,1935-10-03,60,CN,en,8
Ivan Christensen,dustinbarnes@example.com,1969-03-15,3,DK,de,11
Carrie Morrow,megan72@example.org,2005-02-21,77,ES,ru,3
Eric Harvey,pyork@example.net,1982-06-02,30,US,ja,4
Steven Houston,medinabonnie@example.org,1996-10-25,75,GB,ko,8
Brittany Hughes,kennethdeleon@example.net,2000-04-10,0,GB,ja,12
Madison Harris,paynesamuel@example.com,2001-05-23,42,AU,vi,9
Jodi Bullock,audrey90@example.net,1969-06-04,98,JP,ja,1
Christine Garcia,kristiharris@example.org,1996-01-12,56,AU,ko,6
Mary Walker,ashleytaylor@example.org,1981-01-11,53,KR,ru,8
Mary Elliott,wolfehenry@example.net,1971-01-12,98,IT,it,0
Rachel Garrett,lorifigueroa@example.com,1949-02-21,6,DE,hi,5
Deborah Mendez,cruzdavid@example.org,1963-04-07,87,SG,sw,8
Brian Garrett,lauren14@example.org,1978-08-15,92,TW,zh,9
Barbara Hernandez,uaustin@example.net,1973-04-08,49,SG,de,2
George Vaughn,sierra04@example.org,1939-08-28,60,DE,es,11
Rebecca Lindsey MD,clarson@example.com,1983-08-23,4,IN,pt,11
Emma Gibbs,kimberlysmith@example.org,1973-10-05,5,CA,da,3
Ronald Bush,toni90@example.org,1976-06-17,64,ES,ar,2
Stacey Wilson,hkelly@example.org,1950-11-27,71,TW,de,5
Sandra Briggs,hlee@example.net,1972-07-28,1,AU,ko,3
Brad Brown,rachelgomez@example.net,1951-03-17,19,RU,he,1
Stacy Peck,lcopeland@example.com,1965-04-22,44,PK,en,4
Johnathan Goodwin,cassidy35@example.net,1985-03-30,68,ES,vi,6
Joseph Avila,tmoore@example.com,1978-07-06,55,IT,zh,9
Dr. Rachel Sanchez DDS,terri24@example.com,1951-04-08,97,PK,uk,2
Mary James,jennifer60@example.org,1949-10-15,53,CN,vi,3
Lisa Smith,rodgersmark@example.org,1985-10-02,98,DE,he,4
Lindsay Brewer,krystaledwards@example.net,1951-09-18,86,PK,da,3
Sarah Thornton,bnewman@example.org,1958-05-24,30,DK,da,1
Tammy Cain,sarahphillips@example.org,1961-04-21,3,ES,it,7
Timothy Brown,gthomas@example.com,1982-03-10,84,DE,de,11
Katelyn Woods,melissa57@example.com,1957-11-20,37,CA,sw,10
Ethan Reynolds,dannyrivera@example.net,1994-01-14,33,DK,ar,1
Jeanne Jackson,timothygolden@example.com,1945-08-25,88,AE,hi,9
Anthony Wagner,stephaniegentry@example.net,2003-07-03,47,PL,ko,3
Michelle Zuniga,kanderson@example.net,1950-04-17,96,RU,fr,0
Arthur Scott,wolfedaniel@example.org,1947-09-15,14,IN,da,3
Chelsea Glover,zlee@example.org,1999-07-08,63,US,ja,5
Dr. Eric Jackson,yreese@example.net,1944-04-22,17,RU,vi,1
Joshua Johnson,hgarcia@example.org,1949-04-06,11,DE,ja,3
Antonio Cruz,kevin95@example.com,2002-09-21,57,DE,en,6
Jesse Nguyen,youngmichelle@example.com,1984-06-02,19,AE,vi,6
Charlotte Williams,morozco@example.net,1972-12-15,6,RU,ja,0
Joshua Holt,blairlaura@example.com,1970-03-08,95,MX,ja,1
Travis Rodriguez,nathaniel15@example.com,1956-05-23,36,SG,uk,2
Nancy Johnson,bowersteresa@example.org,1995-09-18,16,QA,en,4
Richard Gutierrez,qkennedy@example.org,1995-08-03,79,PK,ja,2
Theresa Chambers,jamesmoore@example.org,1966-01-31,66,DE,ko,5
Bianca Lin,moralestimothy@example.net,1962-10-23,83,MX,he,9
Roy Moore,ericfrancis@example.net,1991-07-31,31,DE,he,0
Janice Phillips,omunoz@example.org,1978-11-25,96,PL,ko,10
Felicia Duran,xmathis@example.org,2000-07-05,55,QA,en,8
Jason Brown,corey91@example.com,1970-06-12,70,QA,vi,8
Nancy Cooley,davisbrian@example.com,1937-04-15,56,AE,it,12
Gregory Underwood,barreragabriela@example.com,1997-12-07,59,US,zh,10
Cody Baker,matthewmassey@example.com,1994-12-14,15,JP,zh,11
James Washington,robert41@example.net,1998-07-23,88,FR,vi,10
Teresa Turner,reneewilson@example.com,1967-11-28,95,CA,hi,0
Emily Mooney,paynepatrick@example.org,1978-05-06,48,CA,vi,3
Mr. Christian Mullins,carneycatherine@example.net,1980-10-26,92,FR,fr,9
Jill Smith,smithmichael@example.org,1963-11-09,38,BR,pt,3
Shannon Rivers,davidsnyder@example.com,1993-10-30,30,FR,ar,5
Christopher Graham,taylor62@example.org,1958-10-08,78,GB,pt,3
Chad White,blake73@example.com,1960-12-01,32,KR,pt,12
Hannah Fowler,gsmith@example.com,1954-11-26,46,SG,da,2
Scott Watkins,dgonzalez@example.net,1954-01-23,71,JP,sw,10
Howard Little,christopher14@example.org,1936-12-08,95,DK,uk,8
Emily Hughes,kimberlywilliams@example.net,1999-09-06,63,IN,uk,2
Adam Hanna,donnawheeler@example.com,1968-11-08,84,QA,uk,8
Adam Young,huntjacob@example.net,1993-09-05,19,QA,de,10
Ashley Martinez,mosborne@example.com,1942-09-06,82,IT,zh,2
Kristen Mcconnell,jodybryant@example.net,1952-02-19,49,KR,ar,11
Mindy Hill,ccole@example.net,2001-05-22,37,FR,ko,2
Jonathan Thomas,awilliams@example.org,1937-02-01,7,DK,ar,9
Michael Rodriguez,troy73@example.net,1998-11-24,3,RU,sw,8
Kayla Curtis,cynthia17@example.org,1988-01-19,36,DK,pt,7
Christian Long,wellslisa@example.org,1991-06-02,14,PL,ko,0
Charles Yates,uhouston@example.com,1942-02-08,49,AU,hi,1
Michael Savage,darren40@example.org,2005-03-15,95,BR,da,12
Erik Mason,kristy23@example.net,1952-10-04,0,AU,da,4
